DROP TABLE CURS_SEN;
DROP TABLE INTERVENTIE_CHIRURGICALA_SEN;
DROP TABLE CONSULTATIE_SEN;
DROP TABLE ZI_LIBERA_RO_SEN;
DROP TABLE CONCEDIU_MEDICAL_SEN;
DROP TABLE DETALII_RETETA_SEN;
DROP TABLE MEDICAMENT_SEN;
DROP TABLE RETETA_SEN;
DROP TABLE ISTORIC_PACIENT_SEN;
DROP TABLE PACIENT_SEN;
DROP TABLE MEDIC_STOMATOLOG_SEN;
DROP TABLE CASA_ASIGURARI_SEN;


CREATE TABLE casa_asigurari_sen
(
id_casa_asigurari NUMBER PRIMARY KEY,
nume_casa_asigurari VARCHAR2(50)
);
/

CREATE TABLE medic_stomatolog_sen
(
id_medic NUMBER PRIMARY KEY,
nume_medic VARCHAR2(50),
prenume_medic VARCHAR2(50),
specializare VARCHAR2(50),
grad_profesional VARCHAR2(50),
id_superior_direct NUMBER REFERENCES medic_stomatolog_sen(id_medic),
id_casa_asigurari NUMBER REFERENCES casa_asigurari_sen(id_casa_asigurari)
);
/

CREATE TABLE pacient_sen
(
id_pacient NUMBER PRIMARY KEY,
nume_pacient VARCHAR2(50),
prenume_pacient VARCHAR2(50),
alergic_la_anestezic VARCHAR2(1) DEFAULT 'N',
data_inscrierii DATE DEFAULT SYSDATE,
id_medic NUMBER REFERENCES medic_stomatolog_sen(id_medic),
CONSTRAINT check_alergic_la_anestezic CHECK (alergic_la_anestezic IN ('Y','N'))
);
/

CREATE TABLE istoric_pacient_sen
(
id_istoric NUMBER PRIMARY KEY,
id_medic NUMBER,
id_pacient NUMBER,
data_inscrierii DATE,
data_plecarii DATE
);
/

CREATE TABLE reteta_sen
(
id_reteta NUMBER PRIMARY KEY,
data DATE DEFAULT SYSDATE,
id_pacient NUMBER REFERENCES pacient_sen(id_pacient)
);
/

CREATE TABLE medicament_sen
(
id_medicament NUMBER PRIMARY KEY,
nume_medicament VARCHAR2(50),
reactii_adverse VARCHAR2(4000)
);
/

CREATE TABLE detalii_reteta_sen
(
id_detalii_reteta NUMBER PRIMARY KEY,
id_reteta NUMBER REFERENCES reteta_sen(id_reteta),
id_medicament NUMBER REFERENCES medicament_sen(id_medicament)
);
/

CREATE TABLE concediu_medical_sen
(
id_concediu NUMBER PRIMARY KEY,
data_start DATE,
data_end DATE,
id_pacient NUMBER REFERENCES pacient_sen(id_pacient),
CONSTRAINT check_start_date_ok CHECK (trim(to_char(data_start,'DAY')) NOT IN ('SATURDAY','SUNDAY')),
CONSTRAINT check_end_date_ok CHECK (trim(to_char(data_end,'DAY')) NOT IN ('SATURDAY','SUNDAY')),
CONSTRAINT chk_date CHECK (data_end >= data_start)
);
/

CREATE TABLE zi_libera_ro_sen
(
zi_libera DATE PRIMARY KEY
);
/

CREATE TABLE consultatie_sen
(
id_consultatie NUMBER PRIMARY KEY,
data_consultatie DATE,
observatii VARCHAR2(200),
id_pacient NUMBER REFERENCES pacient_sen(id_pacient)
);
/

CREATE TABLE interventie_chirurgicala_sen
(
id_interventie NUMBER PRIMARY KEY,
descriere VARCHAR2(200),
id_consultatie NUMBER REFERENCES consultatie_sen(id_consultatie)
);
/

CREATE TABLE curs_sen
(
id_curs NUMBER PRIMARY KEY,
nume VARCHAR2(200),
data_curs DATE,
id_medic NUMBER REFERENCES medic_stomatolog_sen(id_medic)
);
/

DROP SEQUENCE istoric_pacient_seq_sen;
/
CREATE SEQUENCE istoric_pacient_seq_sen START WITH 1 INCREMENT BY 1 NOCACHE NOCYCLE;
/

create or replace TRIGGER trg_audit_pacient_history_sen
  AFTER INSERT OR UPDATE OR DELETE
  ON pacient_sen
  FOR EACH ROW
BEGIN
  IF INSERTING 
  THEN

    -- La introducerea unui nou pacient in aplicatie, informatiile acestuia vor fi inregistrare in tabela de audit, cu data_inscrierii = acum si data_plecarii null
    INSERT INTO istoric_pacient_sen(id_istoric,id_medic,id_pacient,data_inscrierii,data_plecarii)
    VALUES (istoric_pacient_seq_sen.NEXTVAL,:NEW.id_medic,:NEW.id_pacient,sysdate,NULL);

  ELSIF UPDATING
  THEN

    -- Daca datele unui pacient sunt actualizate, mai precis se schimba medicul (id_medic), atunci:
    IF :NEW.id_medic <> :OLD.id_medic
    THEN
      -- 1. vom actualiza inregistrarea existenta in tabela de audit de la inscrierea pacientului respectiv: vom actualiza data_plecarii cu acum
      UPDATE istoric_pacient_sen
      SET    data_plecarii = sysdate
      WHERE  id_pacient = :OLD.id_pacient 
      AND    id_medic = :OLD.id_medic
      AND    data_plecarii IS NULL;

      -- 2. vom introduce o noua inregistrare in tabela de audit cu data_inscrierii = acum, care sa reflecte relatia pacientului cu noul medic
      INSERT INTO istoric_pacient_sen(id_istoric,id_medic,id_pacient,data_inscrierii,data_plecarii)
      VALUES (istoric_pacient_seq_sen.NEXTVAL,:NEW.id_medic,:NEW.id_pacient,sysdate,NULL);
    END IF;

  ELSIF DELETING
  THEN

    -- In cazul in care un pacient este sters din baza de date, consideram ca a plecat de la medicul actual. La momentul stergerii inregistrarii din tabela, vom actualiza si inregistrarea de audit, mai precis, completam campul data_plecarii
    UPDATE istoric_pacient_sen
    SET    data_plecarii = sysdate
    WHERE  id_medic = :OLD.id_medic
    AND    id_pacient = :OLD.id_pacient
    AND    data_plecarii IS NULL;

  END IF;
END;
/

INSERT INTO "CASA_ASIGURARI_SEN" (ID_CASA_ASIGURARI, NUME_CASA_ASIGURARI) VALUES (1, 'CASMB');   
INSERT INTO "CASA_ASIGURARI_SEN" (ID_CASA_ASIGURARI, NUME_CASA_ASIGURARI) VALUES (2, 'OPSNAJ');
INSERT INTO "CASA_ASIGURARI_SEN" (ID_CASA_ASIGURARI, NUME_CASA_ASIGURARI) VALUES (3, 'CJASIS');
INSERT INTO "CASA_ASIGURARI_SEN" (ID_CASA_ASIGURARI, NUME_CASA_ASIGURARI) VALUES (4, 'CASALBA');
INSERT INTO "CASA_ASIGURARI_SEN" (ID_CASA_ASIGURARI, NUME_CASA_ASIGURARI) VALUES (5, 'CASAR');
INSERT INTO "CASA_ASIGURARI_SEN" (ID_CASA_ASIGURARI, NUME_CASA_ASIGURARI) VALUES (6, 'CASBC');
INSERT INTO "CASA_ASIGURARI_SEN" (ID_CASA_ASIGURARI, NUME_CASA_ASIGURARI) VALUES (7, 'CASBH');
INSERT INTO "CASA_ASIGURARI_SEN" (ID_CASA_ASIGURARI, NUME_CASA_ASIGURARI) VALUES (8, 'CASBN');
INSERT INTO "CASA_ASIGURARI_SEN" (ID_CASA_ASIGURARI, NUME_CASA_ASIGURARI) VALUES (9, 'CASBT');
INSERT INTO "CASA_ASIGURARI_SEN" (ID_CASA_ASIGURARI, NUME_CASA_ASIGURARI) VALUES (10, 'CASBR');
INSERT INTO "CASA_ASIGURARI_SEN" (ID_CASA_ASIGURARI, NUME_CASA_ASIGURARI) VALUES (11, 'CASBV');
INSERT INTO "CASA_ASIGURARI_SEN" (ID_CASA_ASIGURARI, NUME_CASA_ASIGURARI) VALUES (12, 'CASBZ');
INSERT INTO "CASA_ASIGURARI_SEN" (ID_CASA_ASIGURARI, NUME_CASA_ASIGURARI) VALUES (13, 'CASCL');
INSERT INTO "CASA_ASIGURARI_SEN" (ID_CASA_ASIGURARI, NUME_CASA_ASIGURARI) VALUES (14, 'CAS-CS');
INSERT INTO "CASA_ASIGURARI_SEN" (ID_CASA_ASIGURARI, NUME_CASA_ASIGURARI) VALUES (15, 'CASCLUJ');
INSERT INTO "CASA_ASIGURARI_SEN" (ID_CASA_ASIGURARI, NUME_CASA_ASIGURARI) VALUES (16, 'CASCT');
INSERT INTO "CASA_ASIGURARI_SEN" (ID_CASA_ASIGURARI, NUME_CASA_ASIGURARI) VALUES (17, 'CASCOV');
INSERT INTO "CASA_ASIGURARI_SEN" (ID_CASA_ASIGURARI, NUME_CASA_ASIGURARI) VALUES (18, 'CASDB');
INSERT INTO "CASA_ASIGURARI_SEN" (ID_CASA_ASIGURARI, NUME_CASA_ASIGURARI) VALUES (19, 'CASDJ');
INSERT INTO "CASA_ASIGURARI_SEN" (ID_CASA_ASIGURARI, NUME_CASA_ASIGURARI) VALUES (20, 'CASGL');
INSERT INTO "CASA_ASIGURARI_SEN" (ID_CASA_ASIGURARI, NUME_CASA_ASIGURARI) VALUES (21, 'CASGR');
INSERT INTO "CASA_ASIGURARI_SEN" (ID_CASA_ASIGURARI, NUME_CASA_ASIGURARI) VALUES (22, 'CASGORJ');
INSERT INTO "CASA_ASIGURARI_SEN" (ID_CASA_ASIGURARI, NUME_CASA_ASIGURARI) VALUES (23, 'CASHR');
INSERT INTO "CASA_ASIGURARI_SEN" (ID_CASA_ASIGURARI, NUME_CASA_ASIGURARI) VALUES (24, 'CASHD');
INSERT INTO "CASA_ASIGURARI_SEN" (ID_CASA_ASIGURARI, NUME_CASA_ASIGURARI) VALUES (25, 'CASIL');
INSERT INTO "CASA_ASIGURARI_SEN" (ID_CASA_ASIGURARI, NUME_CASA_ASIGURARI) VALUES (26, 'CASILFOV');
INSERT INTO "CASA_ASIGURARI_SEN" (ID_CASA_ASIGURARI, NUME_CASA_ASIGURARI) VALUES (27, 'CASMM');
INSERT INTO "CASA_ASIGURARI_SEN" (ID_CASA_ASIGURARI, NUME_CASA_ASIGURARI) VALUES (28, 'CASMH');
INSERT INTO "CASA_ASIGURARI_SEN" (ID_CASA_ASIGURARI, NUME_CASA_ASIGURARI) VALUES (29, 'CASMURES');
INSERT INTO "CASA_ASIGURARI_SEN" (ID_CASA_ASIGURARI, NUME_CASA_ASIGURARI) VALUES (30, 'CASNT');
INSERT INTO "CASA_ASIGURARI_SEN" (ID_CASA_ASIGURARI, NUME_CASA_ASIGURARI) VALUES (31, 'CASOT');
INSERT INTO "CASA_ASIGURARI_SEN" (ID_CASA_ASIGURARI, NUME_CASA_ASIGURARI) VALUES (32, 'CASPH');
INSERT INTO "CASA_ASIGURARI_SEN" (ID_CASA_ASIGURARI, NUME_CASA_ASIGURARI) VALUES (33, 'CASSALAJ');
INSERT INTO "CASA_ASIGURARI_SEN" (ID_CASA_ASIGURARI, NUME_CASA_ASIGURARI) VALUES (34, 'CASSAM');
INSERT INTO "CASA_ASIGURARI_SEN" (ID_CASA_ASIGURARI, NUME_CASA_ASIGURARI) VALUES (35, 'CASSB');
INSERT INTO "CASA_ASIGURARI_SEN" (ID_CASA_ASIGURARI, NUME_CASA_ASIGURARI) VALUES (36, 'CASSV');
INSERT INTO "CASA_ASIGURARI_SEN" (ID_CASA_ASIGURARI, NUME_CASA_ASIGURARI) VALUES (37, 'CASTR');
INSERT INTO "CASA_ASIGURARI_SEN" (ID_CASA_ASIGURARI, NUME_CASA_ASIGURARI) VALUES (38, 'CASNT');
INSERT INTO "CASA_ASIGURARI_SEN" (ID_CASA_ASIGURARI, NUME_CASA_ASIGURARI) VALUES (39, 'CJASTM');
INSERT INTO "CASA_ASIGURARI_SEN" (ID_CASA_ASIGURARI, NUME_CASA_ASIGURARI) VALUES (40, 'CASTL');
INSERT INTO "CASA_ASIGURARI_SEN" (ID_CASA_ASIGURARI, NUME_CASA_ASIGURARI) VALUES (41, 'CASVL');
INSERT INTO "CASA_ASIGURARI_SEN" (ID_CASA_ASIGURARI, NUME_CASA_ASIGURARI) VALUES (42, 'CJASVS');
INSERT INTO "CASA_ASIGURARI_SEN" (ID_CASA_ASIGURARI, NUME_CASA_ASIGURARI) VALUES (43, 'CASVN');
/

INSERT INTO "MEDICAMENT_SEN" (ID_MEDICAMENT, NUME_MEDICAMENT, REACTII_ADVERSE) VALUES (1, 'apirina', 'nu');
INSERT INTO "MEDICAMENT_SEN" (ID_MEDICAMENT, NUME_MEDICAMENT, REACTII_ADVERSE) VALUES (2, 'paracetamol', 'nu');
INSERT INTO "MEDICAMENT_SEN" (ID_MEDICAMENT, NUME_MEDICAMENT, REACTII_ADVERSE) VALUES (3, 'Nurofen', 'slabe');
INSERT INTO "MEDICAMENT_SEN" (ID_MEDICAMENT, NUME_MEDICAMENT, REACTII_ADVERSE) VALUES (4, 'Diclofenac', 'puternice');
INSERT INTO "MEDICAMENT_SEN" (ID_MEDICAMENT, NUME_MEDICAMENT, REACTII_ADVERSE) VALUES (5, 'Ibuprofen', 'medii');
INSERT INTO "MEDICAMENT_SEN" (ID_MEDICAMENT, NUME_MEDICAMENT, REACTII_ADVERSE) VALUES (6, 'Naproxen', 'nu');
INSERT INTO "MEDICAMENT_SEN" (ID_MEDICAMENT, NUME_MEDICAMENT, REACTII_ADVERSE) VALUES (7, 'Ketoprofen', 'combinatie cu aspirina');
INSERT INTO "MEDICAMENT_SEN" (ID_MEDICAMENT, NUME_MEDICAMENT, REACTII_ADVERSE) VALUES (8, 'Piroxicam', 'nu');
INSERT INTO "MEDICAMENT_SEN" (ID_MEDICAMENT, NUME_MEDICAMENT, REACTII_ADVERSE) VALUES (9, 'Oxicami', 'slabe');
INSERT INTO "MEDICAMENT_SEN" (ID_MEDICAMENT, NUME_MEDICAMENT, REACTII_ADVERSE) VALUES (10, 'Fenoxicam', 'medii');
INSERT INTO "MEDICAMENT_SEN" (ID_MEDICAMENT, NUME_MEDICAMENT, REACTII_ADVERSE) VALUES (11, 'Penicilina', 'slabe');
/

INSERT INTO "MEDIC_STOMATOLOG_SEN" (ID_MEDIC, NUME_MEDIC, PRENUME_MEDIC, SPECIALIZARE, GRAD_PROFESIONAL, ID_SUPERIOR_DIRECT, ID_CASA_ASIGURARI) VALUES (1, 'Enache', 'Daniel', 'chirurgie maxilo faciala', 'primar', null, 1);
INSERT INTO "MEDIC_STOMATOLOG_SEN" (ID_MEDIC, NUME_MEDIC, PRENUME_MEDIC, SPECIALIZARE, ID_SUPERIOR_DIRECT, ID_CASA_ASIGURARI) VALUES (2, 'Grigore', 'Stefania', 'generalist', 1, 2);
INSERT INTO "MEDIC_STOMATOLOG_SEN" (ID_MEDIC, NUME_MEDIC, PRENUME_MEDIC, SPECIALIZARE, GRAD_PROFESIONAL, ID_SUPERIOR_DIRECT, ID_CASA_ASIGURARI) VALUES (3, 'Iordache', 'Darius', 'ortodontie', 'specialist', 1, 3);
INSERT INTO "MEDIC_STOMATOLOG_SEN" (ID_MEDIC, NUME_MEDIC, PRENUME_MEDIC, SPECIALIZARE, GRAD_PROFESIONAL, ID_SUPERIOR_DIRECT, ID_CASA_ASIGURARI) VALUES (4, 'Petre', 'Gabriela', 'endodontie', 'specialist', 1, 1);
INSERT INTO "MEDIC_STOMATOLOG_SEN" (ID_MEDIC, NUME_MEDIC, PRENUME_MEDIC, SPECIALIZARE, GRAD_PROFESIONAL, ID_SUPERIOR_DIRECT, ID_CASA_ASIGURARI) VALUES (5, 'Voicu', 'Cristian', 'pedodont', 'rezident', 1, 2);
INSERT INTO "MEDIC_STOMATOLOG_SEN" (ID_MEDIC, NUME_MEDIC, PRENUME_MEDIC, SPECIALIZARE, GRAD_PROFESIONAL, ID_SUPERIOR_DIRECT, ID_CASA_ASIGURARI) VALUES (6, 'Lupu', 'Daria', 'parodontolog', 'specialist', 1, 3);
INSERT INTO "MEDIC_STOMATOLOG_SEN" (ID_MEDIC, NUME_MEDIC, PRENUME_MEDIC, SPECIALIZARE, ID_SUPERIOR_DIRECT, ID_CASA_ASIGURARI) VALUES (7, 'Balan', 'Mihai', 'generalist', 1, 1);
INSERT INTO "MEDIC_STOMATOLOG_SEN" (ID_MEDIC, NUME_MEDIC, PRENUME_MEDIC, SPECIALIZARE, GRAD_PROFESIONAL, ID_SUPERIOR_DIRECT, ID_CASA_ASIGURARI) VALUES (8, 'Dobre', 'Antonia', 'ortodontie', 'rezident', 1, 1);
INSERT INTO "MEDIC_STOMATOLOG_SEN" (ID_MEDIC, NUME_MEDIC, PRENUME_MEDIC, SPECIALIZARE, ID_SUPERIOR_DIRECT, ID_CASA_ASIGURARI) VALUES (9, 'Nicolae', 'Ionut', 'generalist', 2, 1);
INSERT INTO "MEDIC_STOMATOLOG_SEN" (ID_MEDIC, NUME_MEDIC, PRENUME_MEDIC, SPECIALIZARE, GRAD_PROFESIONAL, ID_SUPERIOR_DIRECT, ID_CASA_ASIGURARI) VALUES (10, 'Badea', 'Ana', 'chirurgie maxilo faciala', 'primar', 3, 1);
INSERT INTO "MEDIC_STOMATOLOG_SEN" (ID_MEDIC, NUME_MEDIC, PRENUME_MEDIC, SPECIALIZARE, ID_SUPERIOR_DIRECT, ID_CASA_ASIGURARI) VALUES (11, 'Lupu', 'Ioan', 'generalist', 10, 1);
/

INSERT INTO PACIENT_SEN (ID_PACIENT,NUME_PACIENT,PRENUME_PACIENT,ALERGIC_LA_ANESTEZIC,DATA_INSCRIERII,ID_MEDIC) VALUES (1,'Ionescu','Andrei','N',to_date('08-JAN-20','DD-MON-RR'),1);
INSERT INTO PACIENT_SEN (ID_PACIENT,NUME_PACIENT,PRENUME_PACIENT,ALERGIC_LA_ANESTEZIC,DATA_INSCRIERII,ID_MEDIC) VALUES (2,'Dumitru','Maria','N',to_date('22-MAR-16','DD-MON-RR'),2);
INSERT INTO PACIENT_SEN (ID_PACIENT,NUME_PACIENT,PRENUME_PACIENT,ALERGIC_LA_ANESTEZIC,DATA_INSCRIERII,ID_MEDIC) VALUES (3,'Stoica','David','N',to_date('05-MAY-21','DD-MON-RR'),3);
INSERT INTO PACIENT_SEN (ID_PACIENT,NUME_PACIENT,PRENUME_PACIENT,ALERGIC_LA_ANESTEZIC,DATA_INSCRIERII,ID_MEDIC) VALUES (4,'Stan','Andreea','N',to_date('05-JAN-16','DD-MON-RR'),4);
INSERT INTO PACIENT_SEN (ID_PACIENT,NUME_PACIENT,PRENUME_PACIENT,ALERGIC_LA_ANESTEZIC,DATA_INSCRIERII,ID_MEDIC) VALUES (5,'Gheorghe','Alexandru','Y',to_date('19-APR-19','DD-MON-RR'),5);
INSERT INTO PACIENT_SEN (ID_PACIENT,NUME_PACIENT,PRENUME_PACIENT,ALERGIC_LA_ANESTEZIC,DATA_INSCRIERII,ID_MEDIC) VALUES (6,'Rusu','Elena','N',to_date('17-JUL-19','DD-MON-RR'),6);
INSERT INTO PACIENT_SEN (ID_PACIENT,NUME_PACIENT,PRENUME_PACIENT,ALERGIC_LA_ANESTEZIC,DATA_INSCRIERII,ID_MEDIC) VALUES (7,'Munteanu','Gabriel','N',to_date('14-SEP-20','DD-MON-RR'),7);
INSERT INTO PACIENT_SEN (ID_PACIENT,NUME_PACIENT,PRENUME_PACIENT,ALERGIC_LA_ANESTEZIC,DATA_INSCRIERII,ID_MEDIC) VALUES (8,'Matei','Ioana','N',to_date('15-DEC-20','DD-MON-RR'),8);
INSERT INTO PACIENT_SEN (ID_PACIENT,NUME_PACIENT,PRENUME_PACIENT,ALERGIC_LA_ANESTEZIC,DATA_INSCRIERII,ID_MEDIC) VALUES (9,'Constantin','Stefan','N',to_date('03-OCT-19','DD-MON-RR'),9);
INSERT INTO PACIENT_SEN (ID_PACIENT,NUME_PACIENT,PRENUME_PACIENT,ALERGIC_LA_ANESTEZIC,DATA_INSCRIERII,ID_MEDIC) VALUES (10,'Moldovan','Alexandra','N',to_date('10-MAR-20','DD-MON-RR'),10);
INSERT INTO PACIENT_SEN (ID_PACIENT,NUME_PACIENT,PRENUME_PACIENT,ALERGIC_LA_ANESTEZIC,DATA_INSCRIERII,ID_MEDIC) VALUES (11,'Ionescu','Andreea','N',to_date('08-FEB-20','DD-MON-RR'),10);
INSERT INTO PACIENT_SEN (ID_PACIENT,NUME_PACIENT,PRENUME_PACIENT,ALERGIC_LA_ANESTEZIC,DATA_INSCRIERII,ID_MEDIC) VALUES (12,'Dumitru','Marian','N',to_date('22-APR-16','DD-MON-RR'),9);
INSERT INTO PACIENT_SEN (ID_PACIENT,NUME_PACIENT,PRENUME_PACIENT,ALERGIC_LA_ANESTEZIC,DATA_INSCRIERII,ID_MEDIC) VALUES (13,'Stoica','Aida','N',to_date('05-JUN-21','DD-MON-RR'),8);
INSERT INTO PACIENT_SEN (ID_PACIENT,NUME_PACIENT,PRENUME_PACIENT,ALERGIC_LA_ANESTEZIC,DATA_INSCRIERII,ID_MEDIC) VALUES (14,'Stan','Andrei','N',to_date('05-FEB-16','DD-MON-RR'),7);
INSERT INTO PACIENT_SEN (ID_PACIENT,NUME_PACIENT,PRENUME_PACIENT,ALERGIC_LA_ANESTEZIC,DATA_INSCRIERII,ID_MEDIC) VALUES (15,'Gheorghe','Alexandra','Y',to_date('19-MAY-19','DD-MON-RR'),6);
INSERT INTO PACIENT_SEN (ID_PACIENT,NUME_PACIENT,PRENUME_PACIENT,ALERGIC_LA_ANESTEZIC,DATA_INSCRIERII,ID_MEDIC) VALUES (16,'Rusu','Constantin','Y',to_date('17-AUG-19','DD-MON-RR'),5);
INSERT INTO PACIENT_SEN (ID_PACIENT,NUME_PACIENT,PRENUME_PACIENT,ALERGIC_LA_ANESTEZIC,DATA_INSCRIERII,ID_MEDIC) VALUES (17,'Munteanu','Gabriela','N',to_date('14-OCT-20','DD-MON-RR'),4);
INSERT INTO PACIENT_SEN (ID_PACIENT,NUME_PACIENT,PRENUME_PACIENT,ALERGIC_LA_ANESTEZIC,DATA_INSCRIERII,ID_MEDIC) VALUES (18,'Matei','Ioan','N',to_date('15-NOV-20','DD-MON-RR'),3);
INSERT INTO PACIENT_SEN (ID_PACIENT,NUME_PACIENT,PRENUME_PACIENT,ALERGIC_LA_ANESTEZIC,DATA_INSCRIERII,ID_MEDIC) VALUES (19,'Constantin','Stefania','N',to_date('03-NOV-19','DD-MON-RR'),2);
INSERT INTO PACIENT_SEN (ID_PACIENT,NUME_PACIENT,PRENUME_PACIENT,ALERGIC_LA_ANESTEZIC,DATA_INSCRIERII,ID_MEDIC) VALUES (20,'Moldovan','Alexandru','N',to_date('10-APR-20','DD-MON-RR'),1);
/

INSERT INTO "RETETA_SEN" (ID_RETETA, DATA, ID_PACIENT) VALUES (1, TO_DATE('2020-01-07 00:00:00', 'YYYY-MM-DD HH24:MI:SS'), 1);
INSERT INTO "RETETA_SEN" (ID_RETETA, DATA, ID_PACIENT) VALUES (2, TO_DATE('2016-03-22 00:00:00', 'YYYY-MM-DD HH24:MI:SS'), 2);
INSERT INTO "RETETA_SEN" (ID_RETETA, DATA, ID_PACIENT) VALUES (3, TO_DATE('2021-05-05 00:00:00', 'YYYY-MM-DD HH24:MI:SS'), 3);
INSERT INTO "RETETA_SEN" (ID_RETETA, DATA, ID_PACIENT) VALUES (4, TO_DATE('2016-01-05 00:00:00', 'YYYY-MM-DD HH24:MI:SS'), 4);
INSERT INTO "RETETA_SEN" (ID_RETETA, DATA, ID_PACIENT) VALUES (5, TO_DATE('2019-04-19 00:00:00', 'YYYY-MM-DD HH24:MI:SS'), 5);
INSERT INTO "RETETA_SEN" (ID_RETETA, DATA, ID_PACIENT) VALUES (6, TO_DATE('2019-07-17 00:00:00', 'YYYY-MM-DD HH24:MI:SS'), 6);
INSERT INTO "RETETA_SEN" (ID_RETETA, DATA, ID_PACIENT) VALUES (7, TO_DATE('2020-09-14 00:00:00', 'YYYY-MM-DD HH24:MI:SS'), 7);
INSERT INTO "RETETA_SEN" (ID_RETETA, DATA, ID_PACIENT) VALUES (8, TO_DATE('2020-12-15 00:00:00', 'YYYY-MM-DD HH24:MI:SS'), 8);
INSERT INTO "RETETA_SEN" (ID_RETETA, DATA, ID_PACIENT) VALUES (9, TO_DATE('2019-10-03 00:00:00', 'YYYY-MM-DD HH24:MI:SS'), 9);
INSERT INTO "RETETA_SEN" (ID_RETETA, DATA, ID_PACIENT) VALUES (10, TO_DATE('2020-03-10 00:00:00', 'YYYY-MM-DD HH24:MI:SS'), 10);
/

INSERT INTO "DETALII_RETETA_SEN" (ID_DETALII_RETETA, ID_RETETA, ID_MEDICAMENT) VALUES (1, 1, 10);
INSERT INTO "DETALII_RETETA_SEN" (ID_DETALII_RETETA, ID_RETETA, ID_MEDICAMENT) VALUES (2, 2, 9);
INSERT INTO "DETALII_RETETA_SEN" (ID_DETALII_RETETA, ID_RETETA, ID_MEDICAMENT) VALUES (3, 3, 8);
INSERT INTO "DETALII_RETETA_SEN" (ID_DETALII_RETETA, ID_RETETA, ID_MEDICAMENT) VALUES (4, 4, 7);
INSERT INTO "DETALII_RETETA_SEN" (ID_DETALII_RETETA, ID_RETETA, ID_MEDICAMENT) VALUES (5, 5, 6);
INSERT INTO "DETALII_RETETA_SEN" (ID_DETALII_RETETA, ID_RETETA, ID_MEDICAMENT) VALUES (6, 6, 5);
INSERT INTO "DETALII_RETETA_SEN" (ID_DETALII_RETETA, ID_RETETA, ID_MEDICAMENT) VALUES (7, 7, 4);
INSERT INTO "DETALII_RETETA_SEN" (ID_DETALII_RETETA, ID_RETETA, ID_MEDICAMENT) VALUES (8, 8, 3);
INSERT INTO "DETALII_RETETA_SEN" (ID_DETALII_RETETA, ID_RETETA, ID_MEDICAMENT) VALUES (9, 9, 2);
INSERT INTO "DETALII_RETETA_SEN" (ID_DETALII_RETETA, ID_RETETA, ID_MEDICAMENT) VALUES (10, 10, 1);
INSERT INTO "DETALII_RETETA_SEN" (ID_DETALII_RETETA, ID_RETETA, ID_MEDICAMENT) VALUES (11, 10, 2);
INSERT INTO "DETALII_RETETA_SEN" (ID_DETALII_RETETA, ID_RETETA, ID_MEDICAMENT) VALUES (12, 10, 3);
/


INSERT INTO "ZI_LIBERA_RO_SEN" (ZI_LIBERA) VALUES (to_date('01-JAN-2022','DD-MON-RRRR'));
INSERT INTO "ZI_LIBERA_RO_SEN" (ZI_LIBERA) VALUES (to_date('02-JAN-2022','DD-MON-RRRR'));
INSERT INTO "ZI_LIBERA_RO_SEN" (ZI_LIBERA) VALUES (to_date('24-JAN-2022','DD-MON-RRRR'));
INSERT INTO "ZI_LIBERA_RO_SEN" (ZI_LIBERA) VALUES (to_date('22-APR-2022','DD-MON-RRRR'));
INSERT INTO "ZI_LIBERA_RO_SEN" (ZI_LIBERA) VALUES (to_date('24-APR-2022','DD-MON-RRRR'));
INSERT INTO "ZI_LIBERA_RO_SEN" (ZI_LIBERA) VALUES (to_date('25-APR-2022','DD-MON-RRRR'));
INSERT INTO "ZI_LIBERA_RO_SEN" (ZI_LIBERA) VALUES (to_date('01-MAY-2022','DD-MON-RRRR'));
INSERT INTO "ZI_LIBERA_RO_SEN" (ZI_LIBERA) VALUES (to_date('01-JUN-2022','DD-MON-RRRR'));
INSERT INTO "ZI_LIBERA_RO_SEN" (ZI_LIBERA) VALUES (to_date('12-JUN-2022','DD-MON-RRRR'));
INSERT INTO "ZI_LIBERA_RO_SEN" (ZI_LIBERA) VALUES (to_date('13-JUN-2022','DD-MON-RRRR'));
INSERT INTO "ZI_LIBERA_RO_SEN" (ZI_LIBERA) VALUES (to_date('15-AUG-2022','DD-MON-RRRR'));
INSERT INTO "ZI_LIBERA_RO_SEN" (ZI_LIBERA) VALUES (to_date('30-NOV-2022','DD-MON-RRRR'));
INSERT INTO "ZI_LIBERA_RO_SEN" (ZI_LIBERA) VALUES (to_date('01-DEC-2022','DD-MON-RRRR'));
INSERT INTO "ZI_LIBERA_RO_SEN" (ZI_LIBERA) VALUES (to_date('25-DEC-2022','DD-MON-RRRR'));
INSERT INTO "ZI_LIBERA_RO_SEN" (ZI_LIBERA) VALUES (to_date('26-DEC-2022','DD-MON-RRRR'));
/

INSERT INTO "CURS_SEN" (ID_CURS, NUME, DATA_CURS, ID_MEDIC) VALUES (1, 'OCLUZOLOGIE - Curs practic', to_date('28-jul-2021','dd-mon-rrrr'), 1);
INSERT INTO "CURS_SEN" (ID_CURS, NUME, DATA_CURS, ID_MEDIC) VALUES (2, 'OCLUZOLOGIE - Curs practic', to_date('28-jul-2021','dd-mon-rrrr'), 2);
INSERT INTO "CURS_SEN" (ID_CURS, NUME, DATA_CURS, ID_MEDIC) VALUES (3, 'OCLUZOLOGIE - Curs practic', to_date('28-jul-2021','dd-mon-rrrr'), 3);
INSERT INTO "CURS_SEN" (ID_CURS, NUME, DATA_CURS, ID_MEDIC) VALUES (4, 'OCLUZOLOGIE - Curs practic', to_date('28-jul-2021','dd-mon-rrrr'), 4);
INSERT INTO "CURS_SEN" (ID_CURS, NUME, DATA_CURS, ID_MEDIC) VALUES (5, 'OCLUZOLOGIE - Curs practic', to_date('28-jul-2021','dd-mon-rrrr'), 5);
INSERT INTO "CURS_SEN" (ID_CURS, NUME, DATA_CURS, ID_MEDIC) VALUES (6, 'Curs Implantologie orala', to_date('01-mar-2021','dd-mon-rrrr'), 1);
INSERT INTO "CURS_SEN" (ID_CURS, NUME, DATA_CURS, ID_MEDIC) VALUES (7, 'Curs Implantologie orala', to_date('01-mar-2021','dd-mon-rrrr'), 7);
INSERT INTO "CURS_SEN" (ID_CURS, NUME, DATA_CURS, ID_MEDIC) VALUES (8, 'Curs Implantologie orala', to_date('01-mar-2021','dd-mon-rrrr'), 8);
INSERT INTO "CURS_SEN" (ID_CURS, NUME, DATA_CURS, ID_MEDIC) VALUES (9, 'Curs Implantologie orala', to_date('01-mar-2021','dd-mon-rrrr'), 9);
/

INSERT INTO "CONCEDIU_MEDICAL_SEN" (ID_CONCEDIU, DATA_START, DATA_END, ID_PACIENT) VALUES (1, to_date('02-feb-2022','dd-mon-rrrr'), to_date('02-feb-2022','dd-mon-rrrr'), 1);
INSERT INTO "CONCEDIU_MEDICAL_SEN" (ID_CONCEDIU, DATA_START, DATA_END, ID_PACIENT) VALUES (2, to_date('02-feb-2022','dd-mon-rrrr'), to_date('02-feb-2022','dd-mon-rrrr'), 2);
INSERT INTO "CONCEDIU_MEDICAL_SEN" (ID_CONCEDIU, DATA_START, DATA_END, ID_PACIENT) VALUES (3, to_date('02-feb-2022','dd-mon-rrrr'), to_date('09-feb-2022','dd-mon-rrrr'), 3);
INSERT INTO "CONCEDIU_MEDICAL_SEN" (ID_CONCEDIU, DATA_START, DATA_END, ID_PACIENT) VALUES (4, to_date('03-feb-2022','dd-mon-rrrr'), to_date('09-feb-2022','dd-mon-rrrr'), 4);
INSERT INTO "CONCEDIU_MEDICAL_SEN" (ID_CONCEDIU, DATA_START, DATA_END, ID_PACIENT) VALUES (5, to_date('08-apr-2022','dd-mon-rrrr'), to_date('15-apr-2022','dd-mon-rrrr'), 5);
INSERT INTO "CONCEDIU_MEDICAL_SEN" (ID_CONCEDIU, DATA_START, DATA_END, ID_PACIENT) VALUES (6, to_date('08-apr-2022','dd-mon-rrrr'), to_date('15-apr-2022','dd-mon-rrrr'), 6);
INSERT INTO "CONCEDIU_MEDICAL_SEN" (ID_CONCEDIU, DATA_START, DATA_END, ID_PACIENT) VALUES (7, to_date('08-apr-2022','dd-mon-rrrr'), to_date('08-apr-2022','dd-mon-rrrr'), 7);
INSERT INTO "CONCEDIU_MEDICAL_SEN" (ID_CONCEDIU, DATA_START, DATA_END, ID_PACIENT) VALUES (8, to_date('10-may-2022','dd-mon-rrrr'), to_date('10-may-2022','dd-mon-rrrr'), 8);
INSERT INTO "CONCEDIU_MEDICAL_SEN" (ID_CONCEDIU, DATA_START, DATA_END, ID_PACIENT) VALUES (9, to_date('10-may-2022','dd-mon-rrrr'), to_date('12-may-2022','dd-mon-rrrr'), 9);
INSERT INTO "CONCEDIU_MEDICAL_SEN" (ID_CONCEDIU, DATA_START, DATA_END, ID_PACIENT) VALUES (10, to_date('27-may-2022','dd-mon-rrrr'), to_date('03-jun-2022','dd-mon-rrrr'), 9);
/

INSERT INTO "CONSULTATIE_SEN" (ID_CONSULTATIE, DATA_CONSULTATIE, OBSERVATII, ID_PACIENT) VALUES (1, to_date('01-feb-2022','dd-mon-rrrr'), null, 1);
INSERT INTO "CONSULTATIE_SEN" (ID_CONSULTATIE, DATA_CONSULTATIE, OBSERVATII, ID_PACIENT) VALUES (2, to_date('01-feb-2022','dd-mon-rrrr'), null, 2);
INSERT INTO "CONSULTATIE_SEN" (ID_CONSULTATIE, DATA_CONSULTATIE, OBSERVATII, ID_PACIENT) VALUES (3, to_date('01-feb-2022','dd-mon-rrrr'), null, 3);
INSERT INTO "CONSULTATIE_SEN" (ID_CONSULTATIE, DATA_CONSULTATIE, OBSERVATII, ID_PACIENT) VALUES (4, to_date('01-mar-2022','dd-mon-rrrr'), null, 4);
INSERT INTO "CONSULTATIE_SEN" (ID_CONSULTATIE, DATA_CONSULTATIE, OBSERVATII, ID_PACIENT) VALUES (5, to_date('01-mar-2022','dd-mon-rrrr'), null, 5);
INSERT INTO "CONSULTATIE_SEN" (ID_CONSULTATIE, DATA_CONSULTATIE, OBSERVATII, ID_PACIENT) VALUES (6, to_date('01-mar-2022','dd-mon-rrrr'), null, 6);
INSERT INTO "CONSULTATIE_SEN" (ID_CONSULTATIE, DATA_CONSULTATIE, OBSERVATII, ID_PACIENT) VALUES (7, to_date('01-mar-2022','dd-mon-rrrr'), null, 7);
INSERT INTO "CONSULTATIE_SEN" (ID_CONSULTATIE, DATA_CONSULTATIE, OBSERVATII, ID_PACIENT) VALUES (8, to_date('01-apr-2022','dd-mon-rrrr'), null, 8);
INSERT INTO "CONSULTATIE_SEN" (ID_CONSULTATIE, DATA_CONSULTATIE, OBSERVATII, ID_PACIENT) VALUES (9, to_date('01-apr-2022','dd-mon-rrrr'), null, 9);
INSERT INTO "CONSULTATIE_SEN" (ID_CONSULTATIE, DATA_CONSULTATIE, OBSERVATII, ID_PACIENT) VALUES (10, to_date('01-apr-2022','dd-mon-rrrr'), null, 10);
INSERT INTO "CONSULTATIE_SEN" (ID_CONSULTATIE, DATA_CONSULTATIE, OBSERVATII, ID_PACIENT) VALUES (11, to_date('01-apr-2022','dd-mon-rrrr'), null, 11);
INSERT INTO "CONSULTATIE_SEN" (ID_CONSULTATIE, DATA_CONSULTATIE, OBSERVATII, ID_PACIENT) VALUES (12, to_date('01-apr-2022','dd-mon-rrrr'), null, 12);
INSERT INTO "CONSULTATIE_SEN" (ID_CONSULTATIE, DATA_CONSULTATIE, OBSERVATII, ID_PACIENT) VALUES (13, to_date('01-apr-2022','dd-mon-rrrr'), null, 13);
INSERT INTO "CONSULTATIE_SEN" (ID_CONSULTATIE, DATA_CONSULTATIE, OBSERVATII, ID_PACIENT) VALUES (14, to_date('01-apr-2022','dd-mon-rrrr'), null, 14);
INSERT INTO "CONSULTATIE_SEN" (ID_CONSULTATIE, DATA_CONSULTATIE, OBSERVATII, ID_PACIENT) VALUES (15, to_date('01-apr-2022','dd-mon-rrrr'), null, 15);
INSERT INTO "CONSULTATIE_SEN" (ID_CONSULTATIE, DATA_CONSULTATIE, OBSERVATII, ID_PACIENT) VALUES (16, to_date('01-apr-2022','dd-mon-rrrr'), null, 16);
INSERT INTO "CONSULTATIE_SEN" (ID_CONSULTATIE, DATA_CONSULTATIE, OBSERVATII, ID_PACIENT) VALUES (17, to_date('01-apr-2022','dd-mon-rrrr'), null, 17);
INSERT INTO "CONSULTATIE_SEN" (ID_CONSULTATIE, DATA_CONSULTATIE, OBSERVATII, ID_PACIENT) VALUES (18, to_date('01-apr-2022','dd-mon-rrrr'), null, 18);
INSERT INTO "CONSULTATIE_SEN" (ID_CONSULTATIE, DATA_CONSULTATIE, OBSERVATII, ID_PACIENT) VALUES (19, to_date('01-mar-2022','dd-mon-rrrr'), null, 19);
INSERT INTO "CONSULTATIE_SEN" (ID_CONSULTATIE, DATA_CONSULTATIE, OBSERVATII, ID_PACIENT) VALUES (20, to_date('01-apr-2022','dd-mon-rrrr'), null, 19);
/

INSERT INTO "INTERVENTIE_CHIRURGICALA_SEN" (ID_INTERVENTIE, DESCRIERE, ID_CONSULTATIE) VALUES (1, 'Implant', 10);
INSERT INTO "INTERVENTIE_CHIRURGICALA_SEN" (ID_INTERVENTIE, DESCRIERE, ID_CONSULTATIE) VALUES (2, 'Implant', 19);
INSERT INTO "INTERVENTIE_CHIRURGICALA_SEN" (ID_INTERVENTIE, DESCRIERE, ID_CONSULTATIE) VALUES (3, 'Extractie masele minte', 20);
/

COMMIT;